name,model,train_time,eval_time,pred_one_time,accuracy,precision,recall,f1
hrcprasad,Original-CNN-Kaggle,1188.253423,3.220456,0.08536,0.959531416400426,0.959956295079778,0.959531416400426,0.9594900173207904
hrcprasad,Original-CNN-Kaggle,869.710765,13.200192,0.112922,0.939297124600639,0.9391813827971388,0.939297124600639,0.9390920832314
