name,model,train_time,eval_time,pred_one_time,accuracy,precision,recall,f1
owenclary,Original-CNN-Kaggle,1881.755527,3.204296,0.053049,0.2119275825346112,0.3141653196771365,0.2119275825346112,0.2435992100880212
